path;name;year;time
BRiCK;bomb city 2017.mp4;2017;2026-03-25
BRiCK;tutto quello che resta di te 2025.mkv;2025;2026-01-30
BRiCK;Palestine.36.2025.subita.mkv;2025;2026-01-28
BRiCK/SANDRO;the.farthest.2017.engsub.mkv;2017;2024-12-14
BRiCK/SANDRO;mudbrick.2023.engsub.mp4;2023;2024-12-13
GTFO;happily.2021.480p.webrip.x264.engsub.mkv;2021;2021-03-19
GTFO;Exodus.2021.720p.WEBRip.x264.engsub.mkv;2021;2021-03-19
GTFO;phobias.2021.480p.web.dl.x264.engsub.mkv;2021;2021-03-19
GTFO/sandro;The.Maus.2017.1080p.WEBRip.subita.mkv;2017;2021-06-24
GTFO/sandro;Felidae 1994 subita.mkv;1994;2021-06-23
MS/GD;Menu.Total.1986.720p.subita.mkv;1986;2021-09-15
MS/GD;gritos en el pasillo 2006 engsub.mkv;2006;2021-09-14
MS/GD;greta la donna bestia 1977.ts;1977;2021-09-14
MS/PAQ;Dark.2015.WEBRip.Xvid.AC3.ITA-CB01.mp4;2015;2016-09-18
MS/PAQ;Darling.2015.720p.engsub.mkv;2015;2016-09-18
MS/PAQ;Lacrime.di.sangue.2013.BDRip.Xvid.AC3.ITA-CB01.mp4;2013;2016-08-23
MS/PAQ/MD;Road.Games.2015.720p.subita.mkv;2015;2016-12-01
MS/PAQ/MD;Hunt.for.the.Wilderpeople.2016.720p.subita.mkv;2016;2016-12-01
MS/PAQ/MD;The.Windmill.Massacre.2016.720p.subita.mkv;2016;2016-11-22
MS/PAQ/MD/NEW_HOLLYWOOD;New York New York.mp4;9999;2017-06-23
MS/PAQ/MD/NEW_HOLLYWOOD;i.tre.giorni.del.condor.1975.mp4;1975;2015-09-18
MS/PAQ/MD/NEW_HOLLYWOOD;il.laureato.1967.mp4;1967;2015-09-18
MULE;ray 2004.mp4;2004;2026-04-02
MULE;L.Amico.Americano.1977.mkv;1977;2026-04-02
MULE;Cime tempestose (2026).mkv;2026;2026-04-02
MULE/SANDRO;a woman scorned 2025 engsub.mkv;2025;2025-11-14
MULE/SANDRO;bunny 2025 engsub.mkv;2025;2025-11-14
MULE/SANDRO;sono la bella creatura che vive in questa casa 2016.mkv;2016;2025-11-13
RS/PAQ;Infinity.Chamber.2016.720p.WEB-DL.engsub.mkv;2016;2017-09-29
RS/PAQ;Zombies.2017.720p.WEB-DL.engsub.mkv;2017;2017-09-29
