path,name,year,time
M&S/PAQ,Earthlings.2005.engsub.mkv,2005,2023-10-17
M&S/PAQ,Rapt 2009 LiMiTED BDRip subita.mkv,2009,2023-07-25
M&S/PAQ,sound_of_my_voice.mkv,9999,2023-07-25
M&S/PAQ,the victim 2011.mkv,2011,2023-07-25
M&S/PAQ,Cut.And.Run.Inferno.In.Diretta.1985.iTALiAN.DVDRip.mkv,1985,2023-07-25
M&S/PAQ,Cry of a Prostitute (1974).mkv,1974,2023-07-25
M&S/PAQ,Santa.Sangre.1989.mkv,1989,2021-12-18
M&S/PAQ,Beyond.the.Gates.2016.WEB-DL.engsub.mp4,2016,2017-07-24
M&S/PAQ,Bloody.Sunday.2002.WEB-DL.engsub.mkv,2002,2017-07-21
M&S/PAQ,Tonight.She.Comes.2016.720p.BRRip.engsub.mkv,2016,2017-07-17
M&S/PAQ,The.Lure.2015.engsub.mp4,2015,2017-07-13
M&S/PAQ,Frogs (1972) 720p engsub.mp4,1972,2017-07-10
M&S/PAQ,Bad.Frank.2017.720p.WEB-DL.engsub.mkv,2017,2017-07-05
M&S/PAQ,My.Name.Is.Lenny.2017.720p.BRRip.engsub.mkv,2017,2017-07-05
M&S/PAQ,We.Are.the.Flesh.2016.720p.BRRip.engsub.mkv,2016,2017-07-05
M&S/PAQ,Shock.Treatment.1981.engitasub.mp4,1981,2017-06-22
M&S/PAQ,Cherry Falls 2000.mp4,2000,2017-06-21
M&S/PAQ,Girlfight 2000.mp4,2000,2017-06-21
M&S/PAQ,Camera.Store.2016.720p.engsub.mkv,2016,2017-06-20
M&S/PAQ,Realive.2016.subita.mp4,2016,2017-06-19
M&S/PAQ,Bodom.2016.iTALiAN.Subbed.BRRiP.XViD.CB01.mp4,2016,2017-06-19
M&S/PAQ,Thirst.2009.720p.engsub.mkv,2009,2017-06-13
M&S/PAQ,Terra.Formars.2016.engsub.mkv,2016,2017-06-13
M&S/PAQ,If.Youre.Not.in.the.Obit.Eat.Breakfast.2017.engsub.mp4,2017,2017-06-07
M&S/PAQ,Night.of.Something.Strange.2016.engsub.mp4,2016,2017-05-24
M&S/PAQ,Off.Piste.2016.engsub.mkv,2016,2017-05-22
M&S/PAQ,The.Snare.2017.720p.engsub.mkv,2017,2017-05-17
M&S/PAQ,Dead.Awake.2016.HDRip.engsub.mp4,2016,2017-05-15
M&S/PAQ,i.am.femen.2014.engsubbed.mp4,2014,2017-05-04
M&S/PAQ,Displacement.2016.engsub.mp4,2016,2017-05-02
M&S/PAQ,Bokeh.2017.720p.engsub.mkv,2017,2017-04-28
M&S/PAQ,Dig.Two.Graves.2014.engsub.mp4,2014,2017-04-18
M&S/PAQ,Scuola.di.mostri.1987.BDRip.Xvid.AC3.ITA.mp4,1987,2017-04-10
M&S/PAQ,Always.Shine.2016.720p.engsub.mkv,2016,2017-04-10
M&S/PAQ,24.Weeks.2016.engsub.mkv,2016,2017-04-06
M&S/PAQ,House.1985.720p.BRRip.engsub.mkv,1985,2017-04-03
M&S/PAQ,Middle.Man.2016.720p.engsub.mkv,2016,2017-03-31
M&S/PAQ,after.porn.ends.2.2017.dvdrip.x264.fragment.mkv,2017,2017-03-29
M&S/PAQ,Peelers.2016.720p.WEB-DL.750MB.MkvCage.mkv,2016,2017-03-28
M&S/PAQ,Demon.2015.720p.engsub.mkv,2015,2017-03-28
M&S/PAQ,Uccidi.i.tuoi.amici.Kill.your.friends.2015.BDRip.Xvid.AC3.ITA.CB01.mp4,2015,2017-03-27
M&S/PAQ,From.a.House.on.Willow.Street.2016.720p.WEB-DL.700MB.MkvCage.mkv,2016,2017-03-27
M&S/PAQ,Pandora.2016.HDRip.XviD.engsub.mkv,2016,2017-03-25
M&S/PAQ,Gimme.Danger.2016.720p.engsub.mkv,2016,2017-03-03
M&S/PAQ,Fare.2016.engsub.mkv,2016,2017-02-21
M&S/PAQ,Stray.Bullets.2016.720p.engsub.mkv,2016,2017-02-10
M&S/PAQ,The.Love.Witch.2016.engsub.mkv,2016,2017-02-03
M&S/PAQ,Detour.2016.720p.WEB-DL.750MB.MkvCage.mkv,2016,2017-01-20
M&S/PAQ,some kind of hate 2015.mp4,2015,2017-01-19
M&S/PAQ,Hitchcock.Truffaut.2015.720p.BRRip.700MB.engsub.mkv,2015,2017-01-12
M&S/PAQ,Al Final Del Tunel 2016 DVDRip sub ita [SRT project].mp4,2016,2016-12-14
M&S/PAQ,bang gang - a modern love story (2015).mp4,2015,2016-12-13
M&S/PAQ,For.the.Love.of.Spock.2016.DOCU.720p.engsub.mkv,2016,2016-12-07
M&S/PAQ,The.Neighbor.2016.720p.ensgub.mkv,2016,2016-11-23
M&S/PAQ,The.Monster.2016.engsub.mkv,2016,2016-11-11
M&S/PAQ,Attack of the Lederhosen Zombies (2016) engsub.mp4,2016,2016-11-11
M&S/PAQ,Rats.2016.engsub.mkv,2016,2016-10-29
M&S/PAQ,Recovery.2016.engsub.mkv,2016,2016-10-29
M&S/PAQ,A.Faster.Horse.2015.engsub.mp4,2015,2016-10-16
M&S/PAQ,Patient.Seven.2016.engsub.mp4,2016,2016-10-11
M&S/PAQ,Brake.2012.subita.mp4,2012,2016-10-11
M&S/PAQ,Burningh.Bright.2010.iTALiAN.DVDRip.XviD-PrEsTiGe.mp4,2010,2016-10-09
M&S/PAQ,nine_dead_2010_engsub.mp4,2010,2016-10-07
M&S/PAQ,red.room.1999.subita.mp4,1999,2016-10-07
M&S/PAQ,die.2010.mp4,2010,2016-10-07
M&S/PAQ,iron doors 2010 subita.mp4,2010,2016-10-07
M&S/PAQ,Desierto.2015.engsub.mp4,2015,2016-10-06
M&S/PAQ,Turks Fruit engsub.mp4,9999,2016-10-01
M&S/PAQ,mei.ren.yu.2016.engsub.mkv,2016,2016-09-29
M&S/PAQ,Rabid.Dogs.2015.engsub.mp4,2015,2016-09-29
M&S/PAQ,The.Keeping.Room.2014.engsub.mkv,2014,2016-09-28
M&S/PAQ,2000_maniacs_1964_subita.mp4,2000,2016-09-27
M&S/PAQ,Dark.2015.WEBRip.Xvid.AC3.ITA-CB01.mp4,2015,2016-09-18
M&S/PAQ,Darling.2015.720p.engsub.mkv,2015,2016-09-18
M&S/PAQ,Lacrime.di.sangue.2013.BDRip.Xvid.AC3.ITA-CB01.mp4,2013,2016-08-23
M&S/PAQ,Creative.Control.2015.LIMITED.720p.BRRip.850MB.MkvCage (1).mkv,2015,2016-08-15
M&S/PAQ,The.Brooklyn.Banker.2016.HDRip.XviD.AC3-EVO.mp4,2016,2016-08-15
M&S/PAQ,Bastard.2016.HDRip.XviD.AC3-EVO.mp4,2016,2016-08-14
M&S/PAQ,Shelley.2016.WEB-DL.x264.mp4,2016,2016-08-04
M&S/PAQ,Happy.Birthday.to.Me.1981.ENGSUB.mkv,1981,2016-04-12
M&S/PAQ,Switchblade.Sisters.1975.720p.BluRay.x264-PSYCHD.mp4,1975,2016-04-10
M&S/PAQ,bleed.2016.720p.engsub.mp4,2016,2016-03-25
M&S/PAQ,He.Never.Died.2015.engsub.mkv,2015,2016-03-11
M&S/PAQ,penumbra.2011.engsub.mkv,2011,2016-02-12
M&S/PAQ,Through.The.Air.2015.engsub.mkv,2015,2016-01-08
M&S/PAQ,The.Lady.in.the.Car.with.Glasses.and.the.Gun.2015.engsub.mkv,2015,2015-12-24
M&S/PAQ,il.mostro.della.palude.1982.mp4,1982,2015-12-11
M&S/PAQ,L.A.Slasher.2015.engsub.mkv,2015,2015-11-25
M&S/PAQ,nosferatu.1922.mp4,1922,2015-11-23
M&S/PAQ,Entertainment.2015.720p.engsub.mkv,2015,2015-11-13
M&S/PAQ,Steve.Jobs.The.Man.in.the.Machine.2015.720p.subita.mkv,2015,2015-11-11
M&S/PAQ,The.Hallow.2015.720p.engsub.mkv,2015,2015-11-05
M&S/PAQ,Yakuza.Apocalypse.2015.720p.engsub.mkv,2015,2015-10-09
M&S/PAQ,cooties.2014.720p.engsub.mkv,2014,2015-09-18
M&S/PAQ,addicted_to_fresno_2015_engsub.mkv,2015,2015-09-01
M&S/PAQ,the_thing_with_two_heads_1972_engsub.mkv,1972,2015-08-31
M&S/PAQ,All.Cheerleaders.Die.2013.iTALiAN.BDRip.XviD-TRL.mp4,2013,2015-08-05
M&S/PAQ,Plague.2014.HDRip.XviD.AC3-EVO-subita.mp4,2014,2015-08-05
M&S/PAQ,bad_turn_worse_2013_engsub.mkv,2013,2015-07-25
M&S/PAQ,Il Cane Infernale - Devil Dog (1978).mp4,1978,2015-07-23
M&S/PAQ,non_aprite_quella_porta_3___leatherface__1990_.mp4,1990,2015-07-15
M&S/PAQ,the.suicide.theory.2014.720p.engsub.mp4,2014,2015-07-13
M&S/PAQ,Wolf.Creek.2.2013.720p.subita.mkv,2013,2015-07-12
M&S/PAQ,Red.Knot.2014.720p.engsub.mkv,2014,2015-07-07
M&S/PAQ,Der.Samurai.2014.720p.BluRay.x265.subita.mkv,2014,2015-07-02
M&S/PAQ,7.Minutes.2014.720p.engsub.mkv,2014,2015-06-26
M&S/PAQ,Rubble.Kings.2015.720p.engsub.mkv,2015,2015-06-23
M&S/PAQ,Fear.Clinic.UNCUT.2014.720p.engsub.mp4,2014,2015-06-22
M&S/PAQ,Da.Sweet.Blood.of.Jesus.2014.720p.engsub.mkv,2014,2015-06-18
M&S/PAQ,We.Are.Still.Here.2015.720p.subita.mkv,2015,2015-06-11
M&S/PAQ,Demon.Baby.2014.720p.engsub.mp4,2014,2015-06-03
M&S/PAQ,Red.White.&.Blue.2010.720p.engsub.mkv,2010,2015-06-03
M&S/PAQ,Suburban.Gothic.2014.720p.subita.mkv,2014,2015-05-25
M&S/PAQ,Kurt.Cobain.Montage.of.Heck.2015.720p.engsub.mkv,2015,2015-05-25
M&S/PAQ,Demonic.2015.720p.engsub.mp4,2015,2015-05-19
M&S/PAQ,The.Living.2014.720p.engsub.mkv,2014,2015-05-19
M&S/PAQ,africa addio (1966).mp4,1966,2015-05-18
M&S/PAQ,chain letter (2009) subita.mp4,2009,2015-05-15
M&S/PAQ,don't blink subita.mp4,9999,2015-04-26
M&S/PAQ,echoes-2014-engsub.mkv,2014,2015-04-24
M&S/PAQ,la donna nel mondo (1963).mp4,1963,2015-04-22
M&S/PAQ,the_hacker_wars-2014_engsub.mp4,2014,2015-04-20
M&S/PAQ,paroxismus (1969) subita.mp4,1969,2015-04-14
M&S/PAQ,Where.The.Devil.Hides.2014.iTALiAN.Subbed.HDRiP.XViD.NeWZoNe.avi,2014,2015-04-14
M&S/PAQ,eugenie - de sade 2000 (1974) -ita.mp4,2000,2015-04-14
M&S/PAQ,Venus.In.Furs.1994.engsub.mp4,1994,2015-04-14
M&S/PAQ,Tokyo Decadence (1992) - ita.mp4,1992,2015-04-14
M&S/PAQ,Clown.2014.BDRip.XviD.AC3.iTALIAN-RDF.mp4,2014,2015-03-25
M&S/PAQ,Lord.of.Tears.2013-subita.avi,2013,2015-03-13
M&S/PAQ,Holocaust.Night.Will.Fall.2014.engsub.mp4,2014,2015-02-06
M&S/PAQ,The_Midnight_After_2014_720p_BluRay_x264_EN_Sub_Ganool_com.mp4,2014,2015-02-05
M&S/PAQ,iNumber.Number.2013.720p.BluRay.x264-NOSCREENS.mp4,2013,2015-02-03
M&S/PAQ,Exists.2014.HDRip.X264-PLAYNOW (Encoded).mp4,2014,2015-02-03
M&S/PAQ,killer klowns from outer space.mp4,9999,2015-01-30
M&S/PAQ,il tunnel dell'orrore (1981).mp4,1981,2015-01-30
M&S/PAQ,the_toxic_avenger_iii-engsub.mkv,9999,2015-01-29
M&S/PAQ,the_toxic_avenger_iv-ita.mp4,9999,2015-01-24
M&S/PAQ,closed.curtain.2013.engsub.mp4,2013,2015-01-08
M&S/PAQ,The.Mule.2014.BDRip.X264-CADAVER.mp4,2014,2014-12-09
M&S/PAQ,A.Hard.Day.2014.engsub.mkv,2014,2014-11-28
M&S/PAQ,Camping-Cosmos-1996-DVDRip-XviD-ENGSUBBED.mp4,1996,2014-11-27
M&S/PAQ,The.Rise.and.Rise.of.Bitcoin.2014.HDRip.XviD.AC3-EVO.mkv,2014,2014-10-14
M&S/PAQ,paperhouse (1988) engsub.mp4,1988,2014-07-29
M&S/PAQ,driller.killer.1979.engsub.mp4,1979,2014-07-17
M&S/PAQ,arrebato.1979.subita.mp4,1979,2014-07-16
M&S/PAQ,Antibodies.2005.mp4,2005,2014-07-15
M&S/PAQ,inseminoid (1981).mp4,1981,2014-07-11
M&S/PAQ,Rewind.This.2013.WEB-DL.AAC2.0.h.264-fiend.mp4,2013,2014-06-24
M&S/PAQ,Omar.2013.LiMiTED.720p.WEBRip.x264.AAC.mkv,2013,2014-06-19
M&S/PAQ,i am divine (2013).mp4,2013,2014-05-14
M&S/PAQ,pornopung_eng_sub.mp4,9999,2014-04-28
M&S/PAQ,metro.manila.2013.bdrip.xvid.mp4,2013,2014-03-27
M&S/PAQ,Electric Dreams[1984]DVDrip-VG.mp4,1984,2014-02-12
M&S/PAQ,Cannibal.2013.BRRip.XviD-eXceSs.mp4,2013,2014-02-10
M&S/PAQ,Torn.2013.HDRiP.XViD.AC3-FiRE.mp4,2013,2014-02-03
M&S/PAQ,Au Nom Du Fils.avi,9999,2014-01-30
M&S/PAQ,I.Declare.War.2012.WEBRIP.HDMG.mp4,2012,2014-01-30
M&S/PAQ,The.House.Of.The.End.Times.2013.720p.BluRay.DTS.x264-PHD.mp4,2013,2014-01-30
M&S/PAQ,night.of.silence.2012.subbed.dvdrip.x264-fico.mkv,2012,2013-12-20
M&S/PAQ,Red.Light.Revolution.2010.WEB-DL.H264.AAC.SUBBED-KG.mkv,2010,2013-11-19
M&S/PAQ,it's a girl (2012).mp4,2012,2013-09-27
M&S/PAQ,among.friends.2012.hdrip.xvid.avi,2012,2013-08-28
M&S/PAQ,Saturday Morning Mystery (2012) 720p WEB-DL 650MB Ganool.mkv,2012,2013-07-20
M&S/PAQ,Graceland.2012.720p.WEB-DL.AAC2.0.H.264-CtrlHD.mp4,2012,2013-04-29
M&S/PAQ,Dose.Of.Reality.2013.WEB-DL.H264.AC3-XaW.mkv,2013,2013-04-24
M&S/PAQ,extraterrestrial.avi,9999,2013-03-23
M&S/PAQ,Der Todesengel.mp4,9999,2013-03-11
M&S/PAQ,The.Third.Half.2012.DVDRiP.XViD.AC3-LEGi0N.mp4,2012,2013-03-08
M&S/PAQ,Il_Testamento_Del_Dottor_Mabuse.avi,9999,2013-01-28
M&S/PAQ,Decay 2012 HDRip - 720p da 1h 16m 06s [SRT project].avi,2012,2013-01-25
M&S/PAQ,Zombi 3.avi,9999,2013-01-23
M&S/PAQ,GUT.2012.DVDRiP.XViD-NoGRP.avi,2012,2013-01-22
M&S/PAQ,L.Urlo.2010.iTA.ENG.720p.BluRay.X264.BtH.mkv,2010,2013-01-16
M&S/PAQ,Lolita.Vibrator.Torture.1987.DVDRip.avi,1987,2012-12-09
M&S/PAQ,Absentia.2011.720p.BRrip.x264.YIFY.mp4,2011,2012-12-06
M&S/PAQ,Kotoko.2011.iTALiAN.SUBBED.DVDRiP.XviD-GaNNiCO.avi,2011,2012-11-27
M&S/PAQ,the_toxic_avenger_ii-subita.mp4,9999,2012-11-22
M&S/PAQ,Plaga.Zombie.Zona.Mutante.2001.iTALiAN.STV.AC3.DVDRip.XviD-CRiME.mkv,2001,2012-11-09
M&S/PAQ,Celluloid.Bloodbath.More.Prevues.From.Hell.2012.DvdRip.Xvid-SuReNo.avi,2012,2012-10-19
M&S/PAQ,the black cat - 1981 - fulci.avi,1981,2012-10-04
M&S/PAQ,Apartment 143 2011 DVDRip XviD AC3 - KINGDOM sub ita [SRT project].avi,2011,2012-09-16
M&S/PAQ,The.Aggression.Scale.2012.Brrip.XviD-nCODE.avi,2012,2012-09-09
M&S/PAQ,claustrofobia.2011.italian.subbed.dvdrip.xvid.newzone.avi,2011,2012-08-28
M&S/PAQ,From.Within.2008.iTALiAN.DVDRip.AC3.XviD.T76.avi,2008,2012-08-08
M&S/PAQ,Detention.2011.iTALiAN.BDRip.XviD-TRL.avi,2011,2012-08-05
M&S/PAQ,zombie108.avi,9999,2012-08-05
M&S/PAQ,The.Corridor.2012.DVDRip.XviD-4PlayHD.avi,2012,2012-07-28
M&S/PAQ,urban.explorers-taste.avi,9999,2012-07-19
M&S/PAQ,The Convincer (Thin Ice) 2011 DVDRip.XviD-BRRip-Bluray.ita [SRT project].avi,2011,2012-07-18
M&S/PAQ,The.Squad.2011.DVDRip.XviD-Blackjesus.sub.ita [SRT project].avi,2011,2012-07-09
M&S/PAQ,I.Killed.My.Mother.2009.iTALiAN.Subbed.DVDRip.XViD.NeWZoNe.avi,2009,2012-07-04
M&S/PAQ,plan_c.mkv,9999,2012-06-20
M&S/PAQ,The.War.Of.Flower.2006.BRRip.480p.TinyBearDs.mkv,2006,2012-02-24
M&S/PAQ,Ms.45.1981.DVDRip.XviD-iNSPiRE.TR.Altyazili.filmcini.com.avi,1981,2012-02-15
M&S/PAQ,No Habra Paz Para Los Malvados 2011 DVDRip sub ita [SRT project].avi,2011,2012-02-07
M&S/PAQ,La.Proie.2011.iTALiAN.Subbed.BRRip.XViD.NeWZoNe.avi,2011,2012-01-31
M&S/PAQ,Guilty.of.Romance.2011.DVDRip.x264.AC3-Zoo.mkv,2011,2012-01-22
M&S/PAQ,cherry_tree_lane.avi,9999,2012-01-22
M&S/PAQ,machete_maidens_unleashed_2010.avi,2010,2011-12-01
M&S/PAQ,Headhunters.2011.BRRip.XviD-playXD.www.RapidMovieZ.com.avi,2011,2011-11-25
M&S/PAQ,Zeitgeist.Moving.Forward2011.ITA.Dvdrip.Xvid.avi,9999,2011-11-07
M&S/PAQ,Venere Nera.avi,9999,2011-10-19
M&S/PAQ,Area.51.2011.DVDRip.XviD.SuB-iTa.FloridA.avi,2011,2011-09-30
M&S/PAQ,Repeaters.2011.DVDRip.XVID.AC3.HQ.Hive-CM8.avi,2011,2011-08-23
M&S/PAQ,Growth.Terrore.Sotto.La.Pelle.2009.iTALiAN.DVDRip.XviD-TRL.avi,2009,2011-06-27
M&S/PAQ,Trappola.D.Acciaio.Sei.Pronto.A.Giocare.avi,9999,2011-06-27
M&S/PAQ,Women.in.Trouble.2009.LiMiTED.DVDRip.XviD-NODLABS.avi,2009,2011-06-21
M&S/PAQ,Rottweiler._2004.DVDRip.agost_.avi,2004,2011-06-17
M&S/PAQ,Seconds.Apart.2011.iTALiAN.Subbed.DVDRiP.XViD.NeWZoNe.avi,2011,2011-05-29
M&S/PAQ,Death.Tube.2010.iTALiAN.Subbed.DVDRiP.XViD.NeWZoNe.avi,2010,2011-05-24
M&S/PAQ,La Casa di Mary.avi,9999,2011-05-14
M&S/PAQ,La_Casa_4.avi,9999,2011-05-14
M&S/PAQ,Evil Dead Trap (Shiryo No Wana) 1988 UNCUT - Eng Subs.m4v,1988,2011-05-13
M&S/PAQ,Kosmos.2010.480p.DVDRip.Xvid.AC3.I2OCK.avi,2010,2011-04-25
M&S/PAQ,Hunter Prey 2010 DVDRip.mkv,2010,2010-12-31
M&S/PAQ,Restraint[2008]DvDrip-aXXo.avi,2008,2010-12-02
M&S/PAQ,Nothing.(2003).DVDRip.XViD.TML.avi,2003,2008-09-07
M&S/PAQ,Faceless [smokey888].avi,9999,2008-05-24
M&S/PAQ,la polveriera.avi,9999,2007-10-16
M&S/PAQ,The.Bothersome.Man.2006.NORWEGiAN.DVDRip.XviD-ORD.avi,2006,2007-05-11
